{
	"pattrstorage" : 	{
		"name" : "mySynth",
		"slots" : 		{
			"1" : 			{
				"id" : 1,
				"data" : 				{
					"adsr1" : [ 1000.0, 0.0, 0.141732290387154, 4.807692307692307, 0.033846511152557, 0, 4.807692307692307, 0.141732278002125, 0, 288.46153846153851, 0.069808429252147, 0, 588.889381220174414, 0.081916807119843, 0, 967.609389756734572, 0.0, 0, "linear" ],
					"adsr2" : [ 1000.0, 0.0, 0.141732290387154, 4.807692307692307, 0.033846511152557, 0, 182.692307692307679, 0.095193312616565, 0, 288.46153846153851, 0.069808429252147, 0, 324.88685420581271, 0.029455354704171, 0, 846.378678722040945, 0.119313356145037, 0, 891.146471007512332, 0.0, 0, "linear" ],
					"adsr3" : [ 1000.0, 0.0, 0.141732290387154, 4.807692307692307, 0.033846511152557, 0, 288.46153846153851, 0.069808429252147, 0, 963.405603972765334, 0.0, 0, 971.914794582586978, 0.0, 0, "linear" ],
					"adsr4" : [ 1000.0, 0.0, 0.141732290387154, 4.807692307692307, 0.033846511152557, 0, 182.692307692307679, 0.095193312616565, 0, 477.173147006676743, 0.025711271310802, 0, 834.559152619196766, 0.066896188637865, 0, 979.759346120632699, 0.0, 0, "linear" ],
					"gain1" : [ 127 ],
					"gain2" : [ 127 ],
					"gain3" : [ 127 ],
					"gain4" : [ 127 ],
					"live.dial" : [ 0.0 ],
					"live.dial[1]" : [ 0.0 ],
					"live.dial[2]" : [ 0.0 ],
					"live.dial[3]" : [ 0.0 ],
					"main_gain" : [ 93 ],
					"oscsel4" : [ 0 ],
					"oscsel3" : [ 0 ],
					"oscsel2" : [ 0 ],
					"oscsel1" : [ 0 ],
					"oscsel_all" : [ 0 ]
				}

			}
,
			"2" : 			{
				"id" : 2,
				"data" : 				{
					"adsr1" : [ 1000.0, 0.0, 0.141732290387154, 4.807692307692307, 0.033846511152557, 0, 4.807692307692307, 0.141732278002125, 0, 288.46153846153851, 0.069808429252147, 0, 588.889381220174414, 0.081916807119843, 0, 967.609389756734572, 0.0, 0, "linear" ],
					"adsr2" : [ 1000.0, 0.0, 0.141732290387154, 4.807692307692307, 0.033846511152557, 0, 182.692307692307679, 0.095193312616565, 0, 288.46153846153851, 0.069808429252147, 0, 324.88685420581271, 0.029455354704171, 0, 846.378678722040945, 0.119313356145037, 0, 891.146471007512332, 0.0, 0, "linear" ],
					"adsr3" : [ 1000.0, 0.0, 0.141732290387154, 4.807692307692307, 0.033846511152557, 0, 288.46153846153851, 0.069808429252147, 0, 963.405603972765334, 0.0, 0, 971.914794582586978, 0.0, 0, "linear" ],
					"adsr4" : [ 1000.0, 0.0, 0.141732290387154, 4.807692307692307, 0.033846511152557, 0, 182.692307692307679, 0.095193312616565, 0, 477.173147006676743, 0.025711271310802, 0, 834.559152619196766, 0.066896188637865, 0, 979.759346120632699, 0.0, 0, "linear" ],
					"gain1" : [ 127 ],
					"gain2" : [ 127 ],
					"gain3" : [ 127 ],
					"gain4" : [ 127 ],
					"live.dial" : [ -0.718562874251497 ],
					"live.dial[1]" : [ -1.047904191616766 ],
					"live.dial[2]" : [ 1.407185628742515 ],
					"live.dial[3]" : [ 1.9 ],
					"main_gain" : [ 96 ],
					"oscsel4" : [  ],
					"oscsel3" : [  ],
					"oscsel2" : [  ],
					"oscsel1" : [  ],
					"oscsel_all" : [  ]
				}

			}
,
			"3" : 			{
				"id" : 3,
				"data" : 				{
					"adsr1" : [ 1000.0, 0.0, 0.141732290387154, 4.807692307692307, 0.033846511152557, 0, 4.807692307692307, 0.141732278002125, 0, 288.46153846153851, 0.069808429252147, 0, 588.889381220174414, 0.081916807119843, 0, 967.609389756734572, 0.0, 0, "linear" ],
					"adsr2" : [ 1000.0, 0.0, 0.141732290387154, 4.807692307692307, 0.033846511152557, 0, 182.692307692307679, 0.095193312616565, 0, 288.46153846153851, 0.069808429252147, 0, 324.88685420581271, 0.029455354704171, 0, 846.378678722040945, 0.119313356145037, 0, 891.146471007512332, 0.0, 0, "linear" ],
					"adsr3" : [ 1000.0, 0.0, 0.141732290387154, 4.807692307692307, 0.033846511152557, 0, 288.46153846153851, 0.069808429252147, 0, 617.234405416708682, 0.079571615241821, 0, 963.405603972765334, 0.0, 0, 971.914794582586978, 0.0, 0, "linear" ],
					"adsr4" : [ 1000.0, 0.0, 0.141732290387154, 4.807692307692307, 0.033846511152557, 0, 182.692307692307679, 0.095193312616565, 0, 477.173147006676743, 0.025711271310802, 0, 834.559152619196766, 0.066896188637865, 0, 979.759346120632699, 0.0, 0, "linear" ],
					"gain1" : [ 127 ],
					"gain2" : [ 127 ],
					"gain3" : [ 127 ],
					"gain4" : [ 127 ],
					"live.dial" : [ -0.718562874251497 ],
					"live.dial[1]" : [ -1.047904191616766 ],
					"live.dial[2]" : [ 1.407185628742515 ],
					"live.dial[3]" : [ 1.9 ],
					"main_gain" : [ 93 ],
					"oscsel4" : [ 2 ],
					"oscsel3" : [ 2 ],
					"oscsel2" : [ 2 ],
					"oscsel1" : [ 2 ],
					"oscsel_all" : [ 2 ]
				}

			}

		}

	}

}
