{
	"pattrstorage" : 	{
		"name" : "mySynth",
		"slots" : 		{
			"1" : 			{
				"id" : 1,
				"data" : 				{
					"adsr1" : [ 1000.0, 0.0, 0.181102365255356, 4.807692307692307, 0.043248514500522, 0, 4.807692307692307, 0.181103170508132, 0, 288.46153846153851, 0.089200061157324, 0, 588.889381220174414, 0.104671946972335, 0, 967.609389756734572, 0.0, 0, "linear" ],
					"adsr2" : [ 1000.0, 0.0, 0.181102365255356, 4.807692307692307, 0.043248514500522, 0, 182.692307692307679, 0.121636447032715, 0, 288.46153846153851, 0.089200061157324, 0, 324.88685420581271, 0.037637567112884, 0, 846.378678722040945, 0.15245664139758, 0, 891.146471007512332, 0.0, 0, "linear" ],
					"adsr3" : [ 1000.0, 0.0, 0.181102365255356, 4.807692307692307, 0.043248514500522, 0, 288.46153846153851, 0.089200061157324, 0, 963.405603972765334, 0.0, 0, 971.914794582586978, 0.0, 0, "linear" ],
					"adsr4" : [ 1000.0, 0.0, 0.181102365255356, 4.807692307692307, 0.043248514500522, 0, 182.692307692307679, 0.121636447032715, 0, 477.173147006676743, 0.032853439017689, 0, 834.559152619196766, 0.08547884806484, 0, 979.759346120632699, 0.0, 0, "linear" ],
					"gain1" : [ 127 ],
					"gain2" : [ 71 ],
					"gain3" : [ 0 ],
					"gain4" : [ 0 ],
					"live.dial" : [ 0.0 ],
					"live.dial[1]" : [ 0.0 ],
					"live.dial[2]" : [ 0.0 ],
					"live.dial[3]" : [ 0.0 ],
					"maingain" : [ 110 ],
					"oscsel1" : [ 2 ],
					"oscsel2" : [ 2 ],
					"oscsel3" : [ 2 ],
					"oscsel4" : [ 2 ],
					"oscsel_all" : [ 0 ]
				}

			}
,
			"2" : 			{
				"id" : 2,
				"data" : 				{
					"adsr1" : [ 1000.0, 0.0, 0.181102365255356, 4.807692307692307, 0.043248514500522, 0, 4.807692307692307, 0.181103170508132, 0, 288.46153846153851, 0.089200061157324, 0, 588.889381220174414, 0.104671946972335, 0, 967.609389756734572, 0.0, 0, "linear" ],
					"adsr2" : [ 1000.0, 0.0, 0.181102365255356, 4.807692307692307, 0.043248514500522, 0, 182.692307692307679, 0.121636447032715, 0, 288.46153846153851, 0.089200061157324, 0, 324.88685420581271, 0.037637567112884, 0, 846.378678722040945, 0.15245664139758, 0, 891.146471007512332, 0.0, 0, "linear" ],
					"adsr3" : [ 1000.0, 0.0, 0.181102365255356, 4.807692307692307, 0.043248514500522, 0, 288.46153846153851, 0.089200061157324, 0, 963.405603972765334, 0.0, 0, 971.914794582586978, 0.0, 0, "linear" ],
					"adsr4" : [ 1000.0, 0.0, 0.181102365255356, 4.807692307692307, 0.043248514500522, 0, 182.692307692307679, 0.121636447032715, 0, 477.173147006676743, 0.032853439017689, 0, 834.559152619196766, 0.08547884806484, 0, 979.759346120632699, 0.0, 0, "linear" ],
					"gain1" : [ 127 ],
					"gain2" : [ 71 ],
					"gain3" : [ 0 ],
					"gain4" : [ 0 ],
					"live.dial" : [ 0.0 ],
					"live.dial[1]" : [ 0.0 ],
					"live.dial[2]" : [ 0.0 ],
					"live.dial[3]" : [ 0.0 ],
					"maingain" : [ 110 ],
					"oscsel1" : [ 2 ],
					"oscsel2" : [ 2 ],
					"oscsel3" : [ 2 ],
					"oscsel4" : [ 2 ],
					"oscsel_all" : [ 0 ]
				}

			}

		}

	}

}
