{
	"pattrstorage" : 	{
		"name" : "mySynth",
		"slots" : 		{
			"1" : 			{
				"id" : 1,
				"data" : 				{
					"adsr1" : [ 1000.0, 0.0, 0.141732290387154, 4.807692307692307, 0.033846511152557, 0, 4.807692307692307, 0.141732278002125, 0, 288.46153846153851, 0.069808429252147, 0, 588.889381220174414, 0.081916807119843, 0, 967.609389756734572, 0.0, 0, "linear" ],
					"adsr2" : [ 1000.0, 0.0, 0.141732290387154, 4.807692307692307, 0.033846511152557, 0, 182.692307692307679, 0.095193312616565, 0, 288.46153846153851, 0.069808429252147, 0, 324.88685420581271, 0.029455354704171, 0, 846.378678722040945, 0.119313356145037, 0, 891.146471007512332, 0.0, 0, "linear" ],
					"adsr3" : [ 1000.0, 0.0, 0.141732290387154, 4.807692307692307, 0.033846511152557, 0, 288.46153846153851, 0.069808429252147, 0, 963.405603972765334, 0.0, 0, 971.914794582586978, 0.0, 0, "linear" ],
					"adsr4" : [ 1000.0, 0.0, 0.141732290387154, 4.807692307692307, 0.033846511152557, 0, 182.692307692307679, 0.095193312616565, 0, 477.173147006676743, 0.025711271310802, 0, 834.559152619196766, 0.066896188637865, 0, 979.759346120632699, 0.0, 0, "linear" ],
					"gain1" : [ 127 ],
					"gain2" : [ 127 ],
					"gain3" : [ 127 ],
					"gain4" : [ 127 ],
					"live.dial" : [ 0.0 ],
					"live.dial[1]" : [ 0.0 ],
					"live.dial[2]" : [ 0.0 ],
					"live.dial[3]" : [ 0.0 ],
					"main_gain" : [ 93 ],
					"oscsel4" : [ 0 ],
					"oscsel3" : [ 0 ],
					"oscsel2" : [ 0 ],
					"oscsel1" : [ 0 ],
					"oscsel_all" : [ 0 ]
				}

			}
,
			"2" : 			{
				"id" : 2,
				"data" : 				{
					"adsr1" : [ 1000.0, 0.0, 0.220472440123558, 4.807692307692307, 0.052650125887959, 0, 4.807692307692307, 0.220472421679283, 0, 288.46153846153851, 0.108590884643913, 0, 588.889381220174414, 0.127426138184809, 0, 967.609389756734572, 0.0, 0, "linear" ],
					"adsr2" : [ 1000.0, 0.0, 0.220472440123558, 4.807692307692307, 0.052650125887959, 0, 182.692307692307679, 0.148078479059882, 0, 288.46153846153851, 0.108590884643913, 0, 324.88685420581271, 0.045819438412988, 0, 846.378678722040945, 0.185598544938258, 0, 891.146471007512332, 0.0, 0, "linear" ],
					"adsr3" : [ 1000.0, 0.0, 0.220472440123558, 4.807692307692307, 0.052650125887959, 0, 17.387594804043115, 0.206995669363094, 0, 288.46153846153851, 0.119268002085768, 0, 288.46153846153851, 0.108590884643913, 0, 689.093231787481955, 0.194463145466333, 0, 963.405603972765334, 0.0, 0, 971.914794582586978, 0.0, 0, "linear" ],
					"adsr4" : [ 1000.0, 0.0, 0.220472440123558, 4.807692307692307, 0.052650125887959, 0, 182.692307692307679, 0.148078479059882, 0, 477.173147006676743, 0.039995308974436, 0, 834.559152619196766, 0.104060732798517, 0, 979.759346120632699, 0.0, 0, "linear" ],
					"gain1" : [ 103 ],
					"gain2" : [ 145 ],
					"gain3" : [ 144 ],
					"gain4" : [ 89 ],
					"live.dial" : [ -0.988023952095808 ],
					"live.dial[1]" : [ 0.0 ],
					"live.dial[2]" : [ 0.0 ],
					"live.dial[3]" : [ 0.0 ],
					"main_gain" : [ 93 ],
					"oscsel4" : [ 3 ],
					"oscsel3" : [ 1 ],
					"oscsel2" : [ 2 ],
					"oscsel1" : [ 0 ],
					"oscsel_all" : [ 0 ]
				}

			}
,
			"3" : 			{
				"id" : 3,
				"data" : 				{
					"adsr1" : [ 1000.0, 0.0, 0.141732290387154, 4.807692307692307, 0.033846511152557, 0, 4.807692307692307, 0.141732278002125, 0, 288.46153846153851, 0.069808429252147, 0, 588.889381220174414, 0.081916807119843, 0, 967.609389756734572, 0.0, 0, "linear" ],
					"adsr2" : [ 1000.0, 0.0, 0.141732290387154, 4.807692307692307, 0.033846511152557, 0, 182.692307692307679, 0.095193312616565, 0, 288.46153846153851, 0.069808429252147, 0, 324.88685420581271, 0.029455354704171, 0, 846.378678722040945, 0.119313356145037, 0, 891.146471007512332, 0.0, 0, "linear" ],
					"adsr3" : [ 1000.0, 0.0, 0.141732290387154, 4.807692307692307, 0.033846511152557, 0, 288.46153846153851, 0.069808429252147, 0, 963.405603972765334, 0.0, 0, 971.914794582586978, 0.0, 0, "linear" ],
					"adsr4" : [ 1000.0, 0.0, 0.141732290387154, 4.807692307692307, 0.033846511152557, 0, 182.692307692307679, 0.095193312616565, 0, 477.173147006676743, 0.025711271310802, 0, 834.559152619196766, 0.066896188637865, 0, 979.759346120632699, 0.0, 0, "linear" ],
					"gain1" : [ 103 ],
					"gain2" : [ 123 ],
					"gain3" : [ 118 ],
					"gain4" : [ 127 ],
					"live.dial" : [ 0.059880239520958 ],
					"live.dial[1]" : [ 0.0 ],
					"live.dial[2]" : [ 0.0 ],
					"live.dial[3]" : [ 0.0 ],
					"main_gain" : [ 93 ],
					"oscsel4" : [ 2 ],
					"oscsel3" : [ 0 ],
					"oscsel2" : [ 0 ],
					"oscsel1" : [ 0 ],
					"oscsel_all" : [ 0 ]
				}

			}

		}

	}

}
