{
	"pattrstorage" : 	{
		"name" : "mySynth",
		"slots" : 		{
			"1" : 			{
				"id" : 1,
				"data" : 				{
					"adsr1" : [ 1000.0, 0.0, 0.299212604761124, 4.807692307692307, 0.071453755974909, 0, 4.807692307692307, 0.299212629641053, 0, 288.46153846153851, 0.147373371698246, 0, 588.889381220174414, 0.172935506404262, 0, 967.609389756734572, 0.0, 0, "linear" ],
					"adsr2" : [ 1000.0, 0.0, 0.299212604761124, 4.807692307692307, 0.071453755974909, 0, 182.692307692307679, 0.200963688679428, 0, 288.46153846153851, 0.147373371698246, 0, 324.88685420581271, 0.062183535481683, 0, 846.378678722040945, 0.251883787847682, 0, 891.146471007512332, 0.0, 0, "linear" ],
					"adsr3" : [ 1000.0, 0.0, 0.299212604761124, 4.807692307692307, 0.071453755974909, 0, 288.46153846153851, 0.147373371698246, 0, 963.405603972765334, 0.0, 0, 971.914794582586978, 0.0, 0, "linear" ],
					"adsr4" : [ 1000.0, 0.0, 0.299212604761124, 4.807692307692307, 0.071453755974909, 0, 182.692307692307679, 0.200963688679428, 0, 477.173147006676743, 0.054279358299768, 0, 834.559152619196766, 0.141225307300849, 0, 979.759346120632699, 0.0, 0, "linear" ],
					"gain1" : [ 127 ],
					"gain2" : [ 127 ],
					"gain3" : [ 127 ],
					"gain4" : [ 127 ],
					"live.dial" : [ -0.718562874251497 ],
					"live.dial[1]" : [ -1.047904191616766 ],
					"live.dial[2]" : [ 1.407185628742515 ],
					"live.dial[3]" : [ 1.9 ],
					"main_gain" : [ 70 ]
				}

			}
,
			"2" : 			{
				"id" : 2,
				"data" : 				{
					"adsr1" : [ 1000.0, 0.0, 0.4251968562603, 4.807692307692307, 0.101539529884303, 0, 4.807692307692307, 0.425196819042893, 0, 288.46153846153851, 0.209425280386369, 0, 588.889381220174414, 0.245750412711106, 0, 967.609389756734572, 0.0, 0, "linear" ],
					"adsr2" : [ 1000.0, 0.0, 0.4251968562603, 4.807692307692307, 0.101539529884303, 0, 182.692307692307679, 0.285579927799596, 0, 288.46153846153851, 0.209425280386369, 0, 324.88685420581271, 0.088366061002744, 0, 846.378678722040945, 0.357940055838522, 0, 891.146471007512332, 0.0, 0, "linear" ],
					"adsr3" : [ 1000.0, 0.0, 0.4251968562603, 4.807692307692307, 0.101539529884303, 0, 288.46153846153851, 0.209425280386369, 0, 963.405603972765334, 0.0, 0, 971.914794582586978, 0.0, 0, "linear" ],
					"adsr4" : [ 1000.0, 0.0, 0.4251968562603, 4.807692307692307, 0.101539529884303, 0, 182.692307692307679, 0.285579927799596, 0, 477.173147006676743, 0.077133811217921, 0, 834.559152619196766, 0.200688558850984, 0, 979.759346120632699, 0.0, 0, "linear" ],
					"gain1" : [ 127 ],
					"gain2" : [ 127 ],
					"gain3" : [ 127 ],
					"gain4" : [ 127 ],
					"live.dial" : [ -0.718562874251497 ],
					"live.dial[1]" : [ -1.047904191616766 ],
					"live.dial[2]" : [ 1.407185628742515 ],
					"live.dial[3]" : [ 0.074803149606302 ],
					"main_gain" : [ 70 ]
				}

			}
,
			"3" : 			{
				"id" : 3,
				"data" : 				{
					"adsr1" : [ 1000.0, 0.0, 0.299212604761124, 4.807692307692307, 0.071453755974909, 0, 4.807692307692307, 0.299212629641053, 0, 288.46153846153851, 0.147373371698246, 0, 588.889381220174414, 0.172935506404262, 0, 967.609389756734572, 0.0, 0, "linear" ],
					"adsr2" : [ 1000.0, 0.0, 0.299212604761124, 4.807692307692307, 0.071453755974909, 0, 182.692307692307679, 0.200963688679428, 0, 288.46153846153851, 0.147373371698246, 0, 324.88685420581271, 0.062183535481683, 0, 846.378678722040945, 0.251883787847682, 0, 891.146471007512332, 0.0, 0, "linear" ],
					"adsr3" : [ 1000.0, 0.0, 0.299212604761124, 4.807692307692307, 0.071453755974909, 0, 288.46153846153851, 0.147373371698246, 0, 963.405603972765334, 0.0, 0, 971.914794582586978, 0.0, 0, "linear" ],
					"adsr4" : [ 1000.0, 0.0, 0.299212604761124, 4.807692307692307, 0.071453755974909, 0, 182.692307692307679, 0.200963688679428, 0, 477.173147006676743, 0.054279358299768, 0, 834.559152619196766, 0.141225307300849, 0, 979.759346120632699, 0.0, 0, "linear" ],
					"gain1" : [ 127 ],
					"gain2" : [ 127 ],
					"gain3" : [ 127 ],
					"gain4" : [ 127 ],
					"live.dial" : [ -0.718562874251497 ],
					"live.dial[1]" : [ -1.047904191616766 ],
					"live.dial[2]" : [ 1.407185628742515 ],
					"live.dial[3]" : [ 1.9 ],
					"main_gain" : [ 70 ]
				}

			}

		}

	}

}
